amfi_code,CAGR,Annual_Return,Annual_Volatility,Sharpe,VaR_95,Max_Drawdown,scheme_name,category,fund_house,CAGR_pct,Volatility_pct,VaR_95_pct,MDD_pct
100016,0.018120649514627107,0.018120649514627107,0.12300429522029811,0.14731720938828521,0.012883548931908694,-0.24734440880673303,HDFC Top 100 Fund - Regular Plan - Growth,Equity,HDFC Mutual Fund,1.8120649514627107,12.30042952202981,1.2883548931908695,-24.734440880673304
100025,0.030550342227900096,0.030550342227900096,0.03304017152036827,0.9246423617706322,0.003337613149587215,-0.04308263824636327,HDFC Short Term Debt Fund - Regular - Growth,Debt,HDFC Mutual Fund,3.0550342227900096,3.304017152036827,0.3337613149587215,-4.308263824636327
100033,0.19921655341786848,0.19921655341786848,0.16029119278668078,1.2428415432842308,0.01690162517076692,-0.16217208574644837,HDFC Mid-Cap Opportunities Fund - Regular - Growth,Equity,HDFC Mutual Fund,19.92165534178685,16.029119278668077,1.690162517076692,-16.217208574644836
101206,0.15701133043947246,0.15701133043947246,0.1233211024777,1.2731911026165583,0.012173429806863612,-0.11291596329323095,ABSL Frontline Equity Fund - Regular - Growth,Equity,Aditya Birla Sun Life MF,15.701133043947246,12.33211024777,1.2173429806863612,-11.291596329323095
101207,0.054120823437189935,0.054120823437189935,0.21812982654308172,0.24811289815288423,0.02391462085614526,-0.35446916493366043,ABSL Small Cap Fund - Regular - Growth,Equity,Aditya Birla Sun Life MF,5.4120823437189935,21.812982654308172,2.391462085614526,-35.44691649336605
101208,0.04446752303984303,0.04446752303984303,0.0046186083719723155,9.627905087101759,0.00021844467202030148,-0.0016224980244715637,ABSL Liquid Fund - Regular - Growth,Debt,Aditya Birla Sun Life MF,4.446752303984303,0.46186083719723153,0.02184446720203015,-0.16224980244715637
102885,0.12249303405305811,0.12249303405305811,0.10863737121166002,1.1275404834161797,0.011047180236723242,-0.10859862152502298,UTI Nifty 50 Index Fund - Regular - Growth,Equity,UTI Mutual Fund,12.249303405305811,10.863737121166002,1.1047180236723242,-10.859862152502298
102886,0.008069711011326142,0.008069711011326142,0.153324412891911,0.05263161201220473,0.016857052171303167,-0.2800112356639297,UTI Mid Cap Fund - Regular - Growth,Equity,UTI Mutual Fund,0.8069711011326142,15.3324412891911,1.6857052171303166,-28.00112356639297
102887,0.11336323837814022,0.11336323837814022,0.1333125406950416,0.8503568965613199,0.013743344236293054,-0.21285398874796857,UTI Flexi Cap Fund - Regular - Growth,Equity,UTI Mutual Fund,11.336323837814021,13.331254069504158,1.3743344236293054,-21.285398874796858
118632,0.1603119877465975,0.1603119877465975,0.11978074493866034,1.3383786169362462,0.012333469077205582,-0.17414075086657277,Nippon India Large Cap Fund - Regular - Growth,Equity,Nippon India MF,16.03119877465975,11.978074493866034,1.233346907720558,-17.414075086657277
118633,0.10963342244556173,0.10963342244556173,0.11842466866302086,0.9257650765105813,0.01206568147523046,-0.18629743138595556,Nippon India Large Cap Fund - Direct - Growth,Equity,Nippon India MF,10.963342244556173,11.842466866302086,1.206568147523046,-18.629743138595558
118634,0.11028686693972078,0.11028686693972078,0.2134696587931471,0.5166395428897423,0.022809809042508043,-0.23344886144833177,Nippon India Small Cap Fund - Regular - Growth,Equity,Nippon India MF,11.028686693972078,21.346965879314713,2.2809809042508045,-23.344886144833175
118635,0.10754542254469612,0.10754542254469612,0.1098530663379872,0.9789933602199951,0.01103346672270995,-0.11511457598975472,Nippon India ETF Nifty 50 BeES,Equity,Nippon India MF,10.754542254469612,10.985306633798722,1.103346672270995,-11.511457598975472
118636,0.03638770200952979,0.03638770200952979,0.03372748030452581,1.078874012555483,0.0033443895621997673,-0.0831636176363858,Nippon India Gilt Securities Fund - Regular - Growth,Debt,Nippon India MF,3.6387702009529788,3.372748030452581,0.3344389562199767,-8.31636176363858
119092,0.04351309541168158,0.04351309541168158,0.11796511781793355,0.36886408640594376,0.012692876487327587,-0.1440161790933725,Axis Bluechip Fund - Regular - Growth,Equity,Axis Mutual Fund,4.351309541168158,11.796511781793354,1.2692876487327587,-14.40161790933725
119093,0.05384315930079642,0.05384315930079642,0.1182482043206585,0.4553401855878312,0.01258785333198682,-0.21751396370148146,Axis Bluechip Fund - Direct - Growth,Equity,Axis Mutual Fund,5.384315930079642,11.824820432065849,1.258785333198682,-21.751396370148147
119094,0.18705211486277373,0.18705211486277373,0.16424631396783185,1.1388512189041178,0.016996541912790986,-0.20960883862039204,Axis Midcap Fund - Regular - Growth,Equity,Axis Mutual Fund,18.705211486277374,16.424631396783184,1.6996541912790986,-20.960883862039204
119095,0.010472845717320434,0.010472845717320434,0.21193443362831205,0.04941549864279053,0.02328360266362247,-0.5167775370852661,Axis Small Cap Fund - Regular - Growth,Equity,Axis Mutual Fund,1.0472845717320434,21.193443362831204,2.328360266362247,-51.67775370852661
119120,0.04027159089473997,0.04027159089473997,0.033578141422046424,1.1993394866190785,0.003428846226904114,-0.04328728923970038,SBI Magnum Gilt Fund - Regular Plan - Growth,Debt,SBI Mutual Fund,4.027159089473997,3.3578141422046426,0.3428846226904114,-4.328728923970038
119551,0.17161430066431982,0.17161430066431982,0.11636541830220286,1.474787812119875,0.011826841635318986,-0.15012385498645375,SBI Bluechip Fund - Regular Plan - Growth,Equity,SBI Mutual Fund,17.161430066431983,11.636541830220287,1.1826841635318985,-15.012385498645376
119552,0.14396354506290598,0.14396354506290598,0.11798750618901811,1.2201592330655229,0.012129038937142643,-0.11803493502764328,SBI Bluechip Fund - Direct Plan - Growth,Equity,SBI Mutual Fund,14.3963545062906,11.798750618901812,1.2129038937142642,-11.80349350276433
119598,0.2138037125961776,0.2138037125961776,0.21273031336024353,1.0050458217213094,0.021501921496768977,-0.28706005721764627,SBI Small Cap Fund - Regular Plan - Growth,Equity,SBI Mutual Fund,21.38037125961776,21.273031336024353,2.1501921496768976,-28.706005721764626
119599,0.014129931609609958,0.014129931609609958,0.2109507450893363,0.06698213653441243,0.02315543346345327,-0.5257422117012853,SBI Small Cap Fund - Direct Plan - Growth,Equity,SBI Mutual Fund,1.4129931609609958,21.09507450893363,2.315543346345327,-52.57422117012853
120503,0.12611234974973584,0.12611234974973584,0.11749520419593217,1.0733404023830106,0.012133236715948303,-0.1389786282306159,ICICI Pru Bluechip Fund - Regular - Growth,Equity,ICICI Prudential MF,12.611234974973584,11.749520419593216,1.2133236715948303,-13.89786282306159
120504,0.1554390913284538,0.1554390913284538,0.12159171405589193,1.27836911039023,0.012531255294818832,-0.1258827560692246,ICICI Pru Bluechip Fund - Direct - Growth,Equity,ICICI Prudential MF,15.543909132845378,12.159171405589193,1.2531255294818833,-12.588275606922462
120505,0.21635659017888687,0.21635659017888687,0.16331148626873535,1.324809388011225,0.016224087303417265,-0.18188513572116338,ICICI Pru Midcap Fund - Regular - Growth,Equity,ICICI Prudential MF,21.635659017888685,16.331148626873535,1.6224087303417265,-18.18851357211634
120506,0.11496519378615822,0.11496519378615822,0.1288537355031301,0.8922146753235998,0.013005352264566304,-0.19825658262982693,ICICI Pru Value Discovery Fund - Regular - Growth,Equity,ICICI Prudential MF,11.496519378615822,12.885373550313009,1.3005352264566303,-19.825658262982692
120507,0.049391280734543574,0.049391280734543574,0.004595542446781646,10.74764977290838,0.00019572938739494946,-0.0009773140045926665,ICICI Pru Liquid Fund - Regular - Growth,Debt,ICICI Prudential MF,4.9391280734543574,0.4595542446781646,0.019572938739494946,-0.09773140045926665
120841,0.09151266930745616,0.09151266930745616,0.11389383315023299,0.8034909948701552,0.011724966759344823,-0.1757361416468739,Kotak Bluechip Fund - Regular - Growth,Equity,Kotak Mahindra MF,9.151266930745617,11.389383315023299,1.1724966759344824,-17.573614164687392
120842,0.04576968637773482,0.04576968637773482,0.1513109563389533,0.3024875890362206,0.016949938922196216,-0.24003511326274685,Kotak Emerging Equity Fund - Regular - Growth,Equity,Kotak Mahindra MF,4.576968637773482,15.131095633895331,1.6949938922196217,-24.003511326274683
120843,0.20419887254007207,0.20419887254007207,0.13454333708270202,1.5177182086285976,0.013327485173211561,-0.1297396816518681,Kotak Flexicap Fund - Regular - Growth,Equity,Kotak Mahindra MF,20.419887254007207,13.454333708270202,1.3327485173211562,-12.973968165186811
120844,0.047214478523720516,0.047214478523720516,0.004712319548628624,10.019371147582902,0.0002038147642592136,-0.0011629327956168556,Kotak Liquid Fund - Regular - Growth,Debt,Kotak Mahindra MF,4.721447852372052,0.4712319548628624,0.02038147642592136,-0.11629327956168556
125497,0.12763242123654206,0.12763242123654206,0.12412510324744506,1.0282563147770771,0.01250186045702889,-0.15200013055606387,HDFC Top 100 Fund - Direct Plan - Growth,Equity,HDFC Mutual Fund,12.763242123654205,12.412510324744506,1.250186045702889,-15.200013055606387
125498,0.0766726749015536,0.0766726749015536,0.1552019281708005,0.49401882956747123,0.01676236356598184,-0.21117279560132163,HDFC Mid-Cap Opportunities Fund - Direct - Growth,Equity,HDFC Mutual Fund,7.667267490155361,15.52019281708005,1.676236356598184,-21.11727956013216
148567,0.20462186043324393,0.20462186043324393,0.12025007220633206,1.701636071221162,0.012607396741943243,-0.1126572907502823,Mirae Asset Large Cap Fund - Regular - Growth,Equity,Mirae Asset MF,20.462186043324394,12.025007220633206,1.2607396741943242,-11.26572907502823
148568,0.15040227218523028,0.15040227218523028,0.13058278252552016,1.1517772042867653,0.01331269515511313,-0.1527259422823477,Mirae Asset Emerging Bluechip Fund - Regular - Growth,Equity,Mirae Asset MF,15.040227218523029,13.058278252552016,1.331269515511313,-15.27259422823477
148569,0.2108043760036229,0.2108043760036229,0.149645494905376,1.4086917627351159,0.015259046371143082,-0.16396742946932696,Mirae Asset Tax Saver Fund - Regular - Growth,Equity,Mirae Asset MF,21.080437600362288,14.964549490537598,1.5259046371143081,-16.396742946932697
149322,0.09059091579789302,0.09059091579789302,0.1214152982167108,0.7461243939474563,0.012955446642516754,-0.14111986534883092,DSP Top 100 Equity Fund - Regular - Growth,Equity,DSP Mutual Fund,9.059091579789303,12.14152982167108,1.2955446642516755,-14.111986534883092
149323,0.19576760600828425,0.19576760600828425,0.15022898071146282,1.303128098727403,0.015865984799217414,-0.17248105753451415,DSP Midcap Fund - Regular - Growth,Equity,DSP Mutual Fund,19.576760600828425,15.022898071146281,1.5865984799217414,-17.248105753451416
149324,0.21294290275179173,0.21294290275179173,0.21019084659728782,1.013093130357749,0.02152030425318905,-0.3117190030063417,DSP Small Cap Fund - Regular - Growth,Equity,DSP Mutual Fund,21.294290275179172,21.019084659728783,2.152030425318905,-31.17190030063417
